,customer_id,recency_date,recency,frequency,monetary,r,f,m,rfm,rfm_score
0,CG-12520,2018-01-26,338,3,1148.7800000000002,1,5,4,154,10
1,DV-13045,2018-11-12,48,5,1119.483,4,4,4,444,12
2,SO-20335,2018-09-09,112,6,2602.5755,3,3,3,333,9
3,BH-11710,2018-07-12,171,8,6255.351,2,2,1,221,5
4,AA-10480,2018-04-15,259,4,1790.5120000000002,2,5,3,253,10
5,IM-15070,2017-06-23,555,7,4930.474,1,3,1,131,5
6,HP-14815,2018-11-30,30,7,1990.314,5,3,3,533,11
7,PK-19075,2018-12-21,9,12,8646.934,5,1,1,511,7
8,AG-10270,2018-03-27,278,5,2582.898,1,4,3,143,8
9,ZD-21925,2018-11-06,54,5,1493.944,4,4,4,444,12
10,KB-16585,2018-12-03,27,12,2744.742,5,1,2,512,8
11,SF-20065,2018-07-16,167,7,763.5459999999999,2,3,5,235,10
12,EB-13870,2018-10-03,88,10,2767.219,3,1,2,312,6
13,EH-13945,2018-05-27,217,8,684.1709999999999,2,2,5,225,9
14,TB-21520,2018-09-14,107,9,4737.486,3,1,1,311,5
15,MA-17560,2018-10-27,64,11,4299.161,4,1,1,411,6
16,GH-14485,2017-08-12,505,2,1361.2440000000001,1,5,4,154,10
17,SN-20710,2018-12-10,20,7,3127.9592,5,3,2,532,10
18,LC-16930,2018-11-19,41,8,4492.946,4,2,1,421,7
19,RA-19885,2018-09-26,95,6,3546.224,3,3,2,332,8
20,ES-14080,2018-09-19,102,9,4657.924,3,1,1,311,5
21,ON-18715,2017-11-15,410,9,1567.52,1,1,4,114,6
22,PO-18865,2018-12-30,0,7,2493.214,5,3,3,533,11
23,LH-16900,2018-09-12,109,9,2295.332,3,1,3,313,7
24,DP-13000,2018-08-26,126,8,897.524,3,2,5,325,10
25,JM-15265,2018-11-23,37,5,1804.146,4,4,3,443,11
26,TB-21055,2018-03-21,284,4,1451.361,1,5,4,154,10
27,KM-16720,2018-02-12,321,8,4909.472,1,2,1,121,4
28,PS-18970,2018-10-22,69,8,1278.639,4,2,4,424,10
29,BS-11590,2018-11-25,35,6,2454.928,4,3,3,433,10
30,KD-16270,2017-04-06,633,5,8282.358,1,4,1,141,6
31,HM-14980,2018-11-04,56,4,736.276,4,5,5,455,14
32,JE-15745,2018-09-22,99,13,6760.8150000000005,3,1,1,311,5
33,KB-16600,2018-12-29,1,7,983.922,5,3,4,534,12
34,SC-20770,2018-11-19,41,7,4492.657,4,3,1,431,8
35,DN-13690,2018-05-27,217,7,2139.79,2,3,3,233,8
36,JC-16105,2018-10-23,68,5,858.576,4,4,5,445,13
37,CS-12400,2018-12-28,2,9,3651.8585000000003,5,1,2,512,8
38,PG-18895,2018-10-26,65,9,1987.164,4,1,3,413,8
39,GM-14455,2018-12-14,16,6,3078.624,5,3,2,532,10
40,JS-15685,2018-11-18,42,3,990.1959999999999,4,5,4,454,13
41,KB-16315,2018-09-03,118,9,1569.464,3,1,4,314,8
42,RB-19705,2018-09-14,107,4,2067.45,3,5,3,353,11
43,PN-18775,2018-11-30,30,8,1467.152,5,2,4,524,11
44,KD-16345,2018-11-19,41,6,1888.964,4,3,3,433,10
45,ER-13855,2017-06-09,569,3,1245.788,1,5,4,154,10
46,RB-19465,2018-12-21,9,12,4715.466,5,1,1,511,7
47,GZ-14470,2018-12-23,7,9,4355.150000000001,5,1,1,511,7
48,LC-16870,2018-09-23,98,8,2580.7039999999997,3,2,3,323,8
49,JM-15250,2018-11-23,37,6,3159.1220000000003,4,3,2,432,9
50,PA-19060,2018-09-18,103,6,729.408,3,3,5,335,11
51,CV-12805,2018-12-25,5,9,2370.3136,5,1,3,513,9
52,CL-12565,2018-03-21,284,12,10880.546,1,1,1,111,3
53,RC-19960,2018-11-09,51,4,652.644,4,5,5,455,14
54,DK-13090,2018-11-18,42,7,2650.557,4,3,3,433,10
55,GG-14650,2018-11-17,43,9,2224.0,4,1,3,413,8
56,SC-20725,2018-06-26,187,11,5226.21,2,1,1,211,4
57,AD-10180,2018-11-13,47,8,6106.88,4,2,1,421,7
58,PF-19165,2018-06-17,196,6,2770.0,2,3,2,232,7
59,TS-21610,2018-12-06,24,7,2820.424,5,3,2,532,10
60,LS-16975,2018-12-11,19,9,2988.674,5,1,2,512,8
61,DW-13585,2018-04-14,260,7,1204.854,2,3,4,234,9
62,LC-16885,2018-12-14,16,12,7663.126,5,1,1,511,7
63,JD-15895,2017-10-31,425,11,7610.8640000000005,1,1,1,111,3
64,SH-19975,2018-10-27,64,12,2465.6594999999998,4,1,3,413,8
65,SG-20080,2018-12-22,8,3,3406.5809999999997,5,5,2,552,12
66,HA-14920,2018-11-09,51,8,2584.158,4,2,3,423,9
67,MG-17680,2018-09-29,92,4,2350.188,3,5,3,353,11
68,JE-16165,2018-10-20,71,3,2697.248,3,5,3,353,11
69,TW-21025,2018-10-27,64,7,5278.826,4,3,1,431,8
70,SP-20650,2017-12-11,384,9,1872.4360000000001,1,1,3,113,5
71,NK-18490,2018-12-10,20,7,572.048,5,3,5,535,13
72,DB-13060,2018-12-14,16,6,4151.51,5,3,2,532,10
73,NP-18670,2018-12-10,20,5,3908.402,5,4,2,542,11
74,TT-21070,2018-11-29,31,7,4915.602,5,3,1,531,9
75,EM-13960,2018-01-08,356,5,933.704,1,4,5,145,10
76,RD-19900,2018-07-09,174,9,3133.924,2,1,2,212,5
77,MJ-17740,2018-11-03,57,7,6320.746,4,3,1,431,8
78,BM-11140,2018-02-26,307,4,11789.63,1,5,1,151,7
79,CS-12130,2017-08-28,489,4,884.64,1,5,5,155,11
80,JB-15400,2018-12-23,7,10,1791.605,5,1,3,513,9
81,SJ-20500,2018-04-21,253,5,1318.776,2,4,4,244,10
82,JK-15640,2018-03-07,298,9,4760.434,1,1,1,111,3
83,DK-13150,2018-12-20,10,2,797.832,5,5,5,555,15
84,RM-19675,2018-12-24,6,5,5979.0960000000005,5,4,1,541,10
85,SK-19990,2018-12-22,8,3,883.409,5,5,5,555,15
86,FM-14290,2018-11-24,36,9,3736.198,4,1,2,412,7
87,AM-10360,2018-05-28,216,5,814.012,2,4,5,245,11
88,MP-17470,2017-11-01,424,6,2945.822,1,3,2,132,6
89,MZ-17515,2018-03-23,282,6,2564.906,1,3,3,133,7
90,CB-12025,2018-11-13,47,9,5730.669,4,1,1,411,6
91,VM-21685,2018-07-16,167,7,2454.866,2,3,3,233,8
92,FH-14365,2018-12-25,5,8,6987.196,5,2,1,521,8
93,MB-17305,2018-12-11,19,10,1548.702,5,1,4,514,10
94,BS-11755,2018-12-29,1,7,2562.382,5,3,3,533,11
95,LC-17140,2018-12-17,13,9,2633.582,5,1,3,513,9
96,HK-14890,2018-03-26,279,8,4877.784,1,2,1,121,4
97,LE-16810,2018-09-12,109,6,1469.45,3,3,4,334,10
98,JH-15985,2018-01-12,352,6,7954.9980000000005,1,3,1,131,5
99,MS-17980,2018-04-12,262,6,855.116,2,3,5,235,10
100,VW-21775,2018-11-17,43,10,6134.0380000000005,4,1,1,411,6
101,JH-15910,2018-12-05,25,7,959.477,5,3,4,534,12
102,JB-15925,2016-12-24,736,3,900.552,1,5,5,155,11
103,DS-13180,2018-07-12,171,9,2881.8128,2,1,2,212,5
104,VD-21670,2017-05-28,581,6,6442.254,1,3,1,131,5
105,EA-14035,2018-07-31,152,12,2752.441,2,1,2,212,5
106,DB-13120,2018-12-11,19,7,2973.094,5,3,2,532,10
107,KL-16645,2018-11-13,47,12,14175.229000000001,4,1,1,411,6
108,DW-13480,2018-05-27,217,5,5271.628,2,4,1,241,7
109,LH-17155,2017-10-29,427,9,1739.689,1,1,3,113,5
110,KC-16540,2018-09-24,97,4,3908.262,3,5,2,352,10
111,DL-13315,2018-11-25,35,8,1458.258,4,2,4,424,10
112,DR-12880,2018-12-27,3,9,6528.034000000001,5,1,1,511,7
113,CC-12670,2018-06-18,195,7,2269.7015,2,3,3,233,8
114,Dl-13600,2018-08-06,146,5,755.602,2,4,5,245,11
115,SB-20290,2018-11-13,47,7,8057.891,4,2,1,421,7
116,RC-19825,2017-12-26,369,6,966.409,1,3,4,134,8
117,AH-10210,2018-12-24,6,9,4805.344,5,1,1,511,7
118,CB-12535,2018-06-16,197,8,4246.4555,2,2,2,222,6
119,CA-12310,2018-12-17,13,4,1421.954,5,5,4,554,14
120,KH-16690,2018-12-28,2,7,5990.799,5,2,1,521,8
121,BB-10990,2018-09-16,105,5,744.3399999999999,3,4,5,345,12
122,AG-10495,2018-10-13,78,7,1419.247,3,2,4,324,9
123,JO-15280,2018-09-29,92,6,1934.272,3,3,3,333,9
124,AH-10195,2018-08-24,128,4,1587.452,3,5,4,354,12
125,NZ-18565,2018-06-10,203,9,2488.31,2,1,3,213,6
126,KL-16555,2018-12-14,16,8,5016.488,5,2,1,521,8
127,AS-10225,2018-09-17,104,5,4260.784,3,4,2,342,9
128,CR-12625,2017-09-16,470,3,475.9,1,5,5,155,11
129,SH-20395,2018-10-09,82,10,2180.718,3,1,3,313,7
130,BP-11185,2018-12-29,1,9,3675.861,5,1,2,512,8
131,TS-21205,2018-06-15,198,7,5371.09,2,2,1,221,5
132,AG-10525,2016-07-09,904,4,1455.038,1,5,4,154,10
133,SP-20860,2018-12-10,20,10,4282.94,5,1,1,511,7
134,NM-18445,2018-07-23,160,7,6459.344,2,2,1,221,5
135,FA-14230,2018-09-24,97,7,2984.054,3,2,2,322,7
136,GK-14620,2018-09-09,112,9,6497.27,3,1,1,311,5
137,DJ-13510,2018-12-11,19,8,2501.6879999999996,5,2,3,523,10
138,PO-18850,2018-12-26,4,11,7473.8282,5,1,1,511,7
139,JL-15850,2017-04-25,614,6,2725.256,1,3,2,132,6
140,DB-13615,2018-11-27,33,7,1989.05,4,2,3,423,9
141,AC-10420,2018-12-05,25,3,925.8,5,5,5,555,15
142,CC-12550,2018-06-15,198,3,113.832,2,5,5,255,12
143,TD-20995,2018-11-23,37,9,1434.5480000000002,4,1,4,414,9
144,AB-10060,2018-09-16,105,8,7755.62,3,2,1,321,6
145,JL-15505,2018-11-11,49,6,3173.874,4,3,2,432,9
146,VB-21745,2018-08-03,149,6,2005.596,2,3,3,233,8
147,KW-16435,2018-09-25,96,5,4416.5199999999995,3,4,1,341,8
148,JD-16060,2018-05-03,241,3,695.442,2,5,5,255,12
149,MK-17905,2018-08-13,139,8,2302.368,2,2,3,223,7
150,GT-14755,2018-11-26,34,4,226.436,4,5,5,455,14
151,AG-10900,2018-09-25,96,10,4510.797,3,1,1,311,5
152,MM-18280,2018-10-06,85,9,775.414,3,1,5,315,9
153,AR-10405,2018-08-27,125,5,2236.128,3,4,3,343,10
154,RA-19915,2018-12-18,12,9,4793.543,5,1,1,511,7
155,AS-10285,2018-11-12,48,6,3214.236,4,3,2,432,9
156,LA-16780,2018-07-29,154,11,8673.222,2,1,1,211,4
157,DO-13435,2018-08-19,133,9,1300.0315,2,1,4,214,7
158,DK-13225,2018-12-20,10,9,4802.394,5,1,1,511,7
159,NG-18430,2018-12-11,19,5,1395.9379999999999,5,4,4,544,13
160,MV-18190,2018-11-12,48,7,1734.574,4,2,3,423,9
161,JG-15115,2016-03-12,1023,3,2358.676,1,5,3,153,9
162,BP-11095,2018-12-13,17,12,2442.044,5,1,3,513,9
163,VP-21730,2018-11-30,30,3,993.9019999999999,5,5,4,554,14
164,SS-20140,2018-12-15,15,8,1324.028,5,2,4,524,11
165,AG-10675,2018-09-24,97,7,3489.0396000000005,3,2,2,322,7
166,LF-17185,2018-08-12,140,7,3930.5089999999996,2,2,2,222,6
167,RF-19840,2018-12-24,6,7,938.862,5,2,4,524,11
168,KH-16510,2018-10-28,63,6,5229.695000000001,4,3,1,431,8
169,KC-16675,2018-05-26,218,4,1146.05,2,5,4,254,11
170,CJ-12010,2018-06-24,189,8,11164.974,2,2,1,221,5
171,PB-19150,2018-09-24,97,8,1456.95,3,2,4,324,9
172,MP-17965,2018-10-19,72,9,3983.6420000000003,3,1,2,312,6
173,NF-18385,2018-12-10,20,6,8080.474,5,3,1,531,9
174,SD-20485,2018-06-13,200,9,6121.114,2,1,1,211,4
175,KH-16630,2018-11-09,51,9,3918.9660000000003,4,1,2,412,7
176,RB-19795,2018-11-28,32,8,5633.316000000001,5,2,1,521,8
177,MK-18160,2018-04-05,269,4,1031.602,2,5,4,254,11
178,PO-19180,2018-07-23,160,9,4893.043,2,1,1,211,4
179,BB-11545,2018-12-08,22,9,6765.728,5,1,1,511,7
180,TB-21595,2018-03-20,285,4,1240.871,1,5,4,154,10
181,RB-19360,2018-09-25,96,6,15117.339,3,3,1,331,7
182,EB-13705,2018-12-11,19,9,3644.978,5,1,2,512,8
183,SC-20095,2018-01-15,349,9,14142.333999999999,1,1,1,111,3
184,TN-21040,2018-01-10,354,7,3130.221,1,2,2,122,5
185,JS-15940,2017-09-23,463,5,469.169,1,4,5,145,10
186,MH-17785,2018-09-23,98,7,2203.7780000000002,3,2,3,323,8
187,JP-15520,2018-12-22,8,7,3635.594,5,2,2,522,9
188,JE-15475,2018-06-20,193,6,1388.682,2,3,4,234,9
189,JG-15805,2018-05-21,223,6,1507.018,2,3,4,234,9
190,XP-21865,2018-11-17,43,11,2374.658,4,1,3,413,8
191,EM-14065,2018-11-13,47,4,228.99,4,5,5,455,14
192,MT-18070,2018-10-06,85,4,1319.4498,3,5,4,354,12
193,SA-20830,2018-10-28,63,10,4767.3415,4,1,1,411,6
194,CW-11905,2018-08-12,140,6,1136.592,2,3,4,234,9
195,AJ-10960,2018-10-17,74,3,629.2479999999999,3,5,5,355,13
196,SS-20590,2017-10-24,432,6,418.49,1,3,5,135,9
197,RO-19780,2018-11-25,35,7,3815.478,4,2,2,422,8
198,MD-17350,2018-10-03,88,6,2716.412,3,3,2,332,8
199,MY-17380,2018-11-24,36,7,2254.285,4,2,3,423,9
200,CM-12385,2018-11-23,37,4,8954.019999999999,4,5,1,451,10
201,LS-17245,2018-11-26,34,6,1008.1360000000001,4,3,4,434,11
202,BN-11515,2018-12-21,9,5,1459.344,5,4,4,544,13
203,DB-13210,2018-12-21,9,10,2332.577,5,1,3,513,9
204,MC-17605,2018-09-09,112,8,2258.192,3,2,3,323,8
205,BD-11605,2018-09-24,97,6,2783.189,3,3,2,332,8
206,PH-18790,2018-10-21,70,1,729.648,3,5,5,355,13
207,MG-18145,2018-07-27,156,4,3061.543,2,5,2,252,9
208,KB-16240,2018-12-26,4,7,3152.6150000000002,5,2,2,522,9
209,JC-15340,2018-07-09,174,4,71.263,2,5,5,255,12
210,RL-19615,2018-08-31,121,8,6234.91,3,2,1,321,6
211,AA-10375,2018-11-12,48,9,1056.39,4,1,4,414,9
212,EP-13915,2018-12-18,12,17,5478.0608,5,1,1,511,7
213,DK-12985,2018-12-23,7,5,1687.04,5,4,4,544,13
214,BD-11500,2018-11-25,35,6,4411.2429999999995,4,3,1,431,8
215,LM-17065,2017-06-08,570,5,1346.774,1,4,4,144,9
216,AS-10135,2018-11-19,41,2,58.82,4,5,5,455,14
217,BD-11320,2018-12-04,26,12,5718.521,5,1,1,511,7
218,GT-14710,2018-11-24,36,11,11820.119999999999,4,1,1,411,6
219,AJ-10945,2018-08-31,121,6,1829.896,3,3,3,333,9
220,OT-18730,2018-10-26,65,5,3818.624,4,4,2,442,10
221,LP-17080,2018-11-20,40,4,756.606,4,5,5,455,14
222,CA-12775,2018-12-05,25,7,3041.566,5,2,2,522,9
223,JF-15490,2018-08-31,121,10,890.95,3,1,5,315,9
224,FP-14320,2018-07-12,171,8,4046.746,2,2,2,222,6
225,EB-13840,2018-01-10,354,4,964.448,1,5,4,154,10
226,JF-15415,2018-12-28,2,5,2309.432,5,4,3,543,12
227,SF-20200,2018-08-27,125,9,3422.7859999999996,3,1,2,312,6
228,TG-21640,2018-07-09,174,4,2074.661,2,5,3,253,10
229,CS-11950,2018-10-24,67,11,3036.547,4,1,2,412,7
230,CC-12145,2018-09-15,106,7,2471.65,3,2,3,323,8
231,DV-13465,2018-11-06,54,5,3254.487,4,4,2,442,10
232,BD-11725,2018-09-28,93,6,1526.5,3,3,4,334,10
233,ZC-21910,2018-11-06,54,13,8025.707,4,1,1,411,6
234,MS-17830,2017-04-10,629,4,370.348,1,5,5,155,11
235,LR-16915,2018-04-12,262,6,5142.892,2,3,1,231,6
236,TP-21130,2018-12-22,8,9,4454.0560000000005,5,1,1,511,7
237,CK-12205,2018-12-05,25,13,3154.855,5,1,2,512,8
238,AS-10240,2018-06-21,192,5,503.968,2,4,5,245,11
239,AR-10510,2018-12-16,14,5,264.86400000000003,5,4,5,545,14
240,NB-18655,2018-11-18,42,9,1972.599,4,1,3,413,8
241,GD-14590,2018-12-25,5,4,1888.07,5,5,3,553,13
242,CK-12595,2018-11-17,43,11,2372.75,4,1,3,413,8
243,NG-18355,2018-12-11,19,5,1869.58,5,4,3,543,12
244,CA-12265,2018-10-19,72,8,2638.3272,3,2,3,323,8
245,SF-20965,2018-12-11,19,9,3336.535,5,1,2,512,8
246,MO-17800,2018-09-17,104,8,1687.0269999999998,3,2,4,324,9
247,AT-10735,2018-12-17,13,10,3831.864,5,1,2,512,8
248,FM-14380,2018-07-08,175,9,2523.266,2,1,3,213,6
249,DJ-13420,2017-02-04,694,4,2012.52,1,5,3,153,9
250,ME-17725,2018-11-30,30,8,1908.4532,5,2,3,523,10
251,JD-16150,2018-11-19,41,8,8828.0305,4,2,1,421,7
252,JL-15835,2018-09-12,109,10,9576.343,3,1,1,311,5
253,SC-20305,2018-10-06,85,6,3650.473,3,3,2,332,8
254,CC-12430,2018-12-30,0,10,2870.05,5,1,2,512,8
255,AR-10825,2018-07-21,162,8,4523.336,2,2,1,221,5
256,SR-20740,2018-06-17,196,8,4345.8859999999995,2,2,1,221,5
257,CR-12730,2018-10-13,78,4,1600.55,3,5,4,354,12
258,EH-14125,2018-07-31,152,10,3082.653,2,1,2,212,5
259,SP-20545,2018-06-02,211,6,1306.086,2,3,4,234,9
260,TH-21235,2018-08-06,146,8,1022.201,2,2,4,224,8
261,RP-19390,2018-11-27,33,12,5153.084,4,1,1,411,6
262,RB-19570,2018-05-12,232,5,528.546,2,4,5,245,11
263,CD-11980,2018-06-11,202,3,639.766,2,5,5,255,12
264,DJ-13630,2018-12-18,12,3,3356.398,5,5,2,552,12
265,GT-14635,2018-04-11,263,3,9351.212,2,5,1,251,8
266,MC-17845,2018-12-29,1,7,3805.714,5,2,2,522,9
267,RA-19285,2018-12-25,5,9,2617.906,5,1,3,513,9
268,NP-18325,2018-05-12,232,6,5529.62,2,3,1,231,6
269,AB-10165,2018-09-15,106,8,1113.838,3,2,4,324,9
270,JO-15550,2018-05-29,215,5,1090.838,2,4,4,244,10
271,JK-15370,2018-11-16,44,7,2136.458,4,2,3,423,9
272,BN-11470,2018-06-12,201,4,265.296,2,5,5,255,12
273,DP-13165,2016-10-10,811,2,1058.616,1,5,4,154,10
274,TH-21550,2018-10-19,72,7,4234.0960000000005,3,2,2,322,7
275,AP-10915,2018-09-23,98,10,3323.556,3,1,2,312,6
276,RS-19765,2018-11-24,36,8,4159.7699999999995,4,2,2,422,8
277,SV-20365,2018-09-20,101,10,11470.949999999999,3,1,1,311,5
278,CK-12325,2018-02-17,316,5,2945.321,1,4,2,142,7
279,RD-19810,2018-12-16,14,8,1137.616,5,2,4,524,11
280,MR-17545,2018-08-27,125,4,639.178,3,5,5,355,13
281,SC-20695,2018-10-08,83,10,2576.408,3,1,3,313,7
282,JF-15355,2018-09-16,105,6,1911.844,3,3,3,333,9
283,EG-13900,2018-11-17,43,5,1832.02,4,4,3,443,11
284,DS-13030,2018-09-28,93,4,1762.213,3,5,3,353,11
285,PO-19195,2018-05-10,234,5,1056.858,2,4,4,244,10
286,SS-20875,2018-01-09,355,5,964.636,1,4,4,144,9
287,PB-19105,2018-09-22,99,4,688.324,3,5,5,355,13
288,RF-19735,2018-07-29,154,7,2341.2960000000003,2,2,3,223,7
289,YC-21895,2018-12-26,4,5,5454.35,5,4,1,541,10
290,DC-13285,2018-07-12,171,5,1174.618,2,4,4,244,10
291,CP-12340,2018-07-23,160,7,5817.187,2,2,1,221,5
292,BF-11020,2018-10-17,74,8,2888.506,3,2,2,322,7
293,LH-17020,2018-05-05,239,4,318.239,2,5,5,255,12
294,CS-12250,2018-11-23,37,12,2754.216,4,1,2,412,7
295,AJ-10795,2018-07-17,166,7,4501.391,2,2,1,221,5
296,BV-11245,2018-01-30,334,5,1523.2730000000001,1,4,4,144,9
297,DL-12865,2018-09-21,100,7,444.024,3,2,5,325,10
298,BM-11785,2018-05-26,218,10,1338.842,2,1,4,214,7
299,LT-17110,2018-11-26,34,8,2936.252,4,2,2,422,8
300,JK-15730,2018-07-10,173,9,4769.9,2,1,1,211,4
301,ES-14020,2018-11-20,40,5,3510.4579999999996,4,4,2,442,10
302,RH-19495,2018-12-08,22,5,3621.3759999999997,5,4,2,542,11
303,CD-11920,2018-11-20,40,5,2033.968,4,4,3,443,11
304,HW-14935,2018-08-18,134,7,4827.934,2,2,1,221,5
305,MC-18130,2017-12-26,369,5,1581.9979999999998,1,4,4,144,9
306,GM-14440,2018-08-10,142,7,3582.8199999999997,2,2,2,222,6
307,PJ-19015,2018-08-18,134,6,1677.536,2,3,4,234,9
308,BW-11110,2018-08-31,121,8,4750.358,3,2,1,321,6
309,TR-21325,2018-06-20,193,5,675.9419999999999,2,4,5,245,11
310,PG-18820,2018-11-24,36,13,3086.907,4,1,2,412,7
311,JL-15175,2018-12-24,6,5,1571.523,5,4,4,544,13
312,BM-11650,2018-11-27,33,11,7294.185,4,1,1,411,6
313,EM-14095,2018-08-09,143,4,1041.0420000000001,2,5,4,254,11
314,AF-10885,2017-10-11,445,4,861.565,1,5,5,155,11
315,GA-14725,2018-12-25,5,11,1398.382,5,1,4,514,10
316,CK-12760,2018-09-10,111,9,1582.109,3,1,4,314,8
317,DP-13105,2018-12-24,6,8,2215.002,5,2,3,523,10
318,BK-11260,2018-10-14,77,6,659.1379999999999,3,3,5,335,11
319,SJ-20125,2018-11-08,52,12,3949.656,4,1,2,412,7
320,CM-12445,2017-10-20,436,3,287.99,1,5,5,155,11
321,AJ-10780,2018-10-16,75,7,4867.344,3,2,1,321,6
322,LS-16945,2018-12-01,29,6,2845.27,5,3,2,532,10
323,GP-14740,2016-11-26,764,2,236.53,1,5,5,155,11
324,PK-18910,2017-03-09,661,2,1441.152,1,5,4,154,10
325,SM-20005,2017-06-23,555,4,244.49399999999997,1,5,5,155,11
326,AG-10765,2018-10-14,77,4,170.584,3,5,5,355,13
327,PM-19135,2018-09-11,110,4,4115.662,3,5,2,352,10
328,LL-16840,2018-04-25,249,5,2454.554,2,4,3,243,9
329,JS-15595,2018-02-09,324,4,1417.654,1,5,4,154,10
330,EL-13735,2018-10-14,77,2,124.28,3,5,5,355,13
331,PC-18745,2018-12-28,2,4,1832.064,5,5,3,553,13
332,HL-15040,2018-11-17,43,6,12873.297999999999,4,3,1,431,8
333,MS-17365,2018-01-04,360,10,7443.6900000000005,1,1,1,111,3
334,GB-14530,2018-10-29,62,11,1568.44,4,1,4,414,9
335,JR-16210,2018-11-27,33,5,2201.686,4,4,3,443,11
336,BE-11335,2018-07-17,166,5,4204.676,2,4,2,242,8
337,SC-20050,2018-11-20,40,9,4624.572,4,1,1,411,6
338,RW-19630,2018-04-13,261,9,3279.746,2,1,2,212,5
339,SE-20110,2018-12-21,9,11,12209.438000000002,5,1,1,511,7
340,AH-10075,2018-11-26,34,10,3250.337,4,1,2,412,7
341,JM-15535,2018-12-09,21,7,1733.443,5,2,3,523,10
342,JJ-15760,2016-08-12,870,2,195.0,1,5,5,155,11
343,RK-19300,2018-02-09,324,3,1460.192,1,5,4,154,10
344,CG-12040,2018-11-11,49,6,904.4680000000001,4,3,5,435,12
345,RP-19270,2017-08-21,496,4,954.6452,1,5,4,154,10
346,KC-16255,2017-11-18,407,6,2120.954,1,3,3,133,7
347,KH-16360,2018-12-29,1,6,3100.612,5,3,2,532,10
348,GH-14665,2018-12-28,2,2,146.94080000000002,5,5,5,555,15
349,SW-20275,2018-11-30,30,6,1966.65,5,3,3,533,11
350,JA-15970,2018-09-29,92,8,6491.026,3,2,1,321,6
351,DL-12925,2018-03-11,294,6,3272.2,1,3,2,132,6
352,LW-16990,2018-11-27,33,6,3230.308,4,3,2,432,9
353,TB-21190,2018-11-11,49,4,816.1740000000001,4,5,5,455,14
354,BS-11800,2018-09-04,117,2,949.4300000000001,3,5,4,354,12
355,RW-19690,2018-12-10,20,5,3495.646,5,4,2,542,11
356,TZ-21580,2018-11-25,35,4,1707.286,4,5,4,454,13
357,AS-10630,2018-09-29,92,7,833.398,3,2,5,325,10
358,TS-21340,2018-05-18,226,5,974.7819999999999,2,4,4,244,10
359,SL-20155,2018-10-21,70,6,3046.532,3,3,2,332,8
360,MW-18235,2018-11-16,44,2,5253.876,4,5,1,451,10
361,RD-19585,2018-03-07,298,9,2832.904,1,1,2,112,4
362,RA-19945,2018-10-30,61,5,1686.9225,4,4,4,444,12
363,MT-17815,2018-11-11,49,6,2890.139,4,3,2,432,9
364,VG-21790,2018-08-07,145,6,846.01,2,3,5,235,10
365,JS-15880,2017-12-02,393,5,3868.02,1,4,2,142,7
366,KM-16225,2018-12-16,14,6,2260.958,5,3,3,533,11
367,HR-14770,2018-12-17,13,4,940.588,5,5,4,554,14
368,DE-13255,2017-11-01,424,5,2550.874,1,4,3,143,8
369,AG-10390,2018-07-09,174,5,200.945,2,4,5,245,11
370,JJ-15445,2017-06-16,562,5,709.178,1,4,5,145,10
371,JH-15430,2018-12-25,5,4,309.281,5,5,5,555,15
372,RD-19660,2018-07-09,174,4,2745.892,2,5,2,252,9
373,MO-17500,2018-10-19,72,4,922.487,3,5,5,355,13
374,NS-18640,2018-09-07,114,12,2857.753,3,1,2,312,6
375,DG-13300,2018-11-28,32,5,3195.818,5,4,2,542,11
376,NF-18595,2018-08-18,134,7,2031.472,2,2,3,223,7
377,MG-17650,2018-12-10,20,7,3785.276,5,2,2,522,9
378,TS-21160,2017-08-13,504,6,2163.6240000000003,1,3,3,133,7
379,BD-11620,2018-10-22,69,6,1538.11,4,3,4,434,11
380,CM-12160,2018-10-21,70,6,2533.314,3,3,3,333,9
381,SN-20560,2018-10-09,82,6,1860.418,3,3,3,333,9
382,EH-14005,2018-12-28,2,7,1219.53,5,2,4,524,11
383,FO-14305,2018-11-22,38,10,2678.438,4,1,3,413,8
384,MS-17710,2017-12-11,384,6,1613.402,1,3,4,134,8
385,CC-12100,2017-09-29,457,5,1685.889,1,4,4,144,9
386,DW-13540,2018-09-23,98,5,344.08,3,4,5,345,12
387,BT-11395,2018-03-03,302,6,2186.6130000000003,1,3,3,133,7
388,CY-12745,2018-10-31,60,7,2004.0819999999999,4,2,3,423,9
389,BT-11485,2017-11-03,422,2,415.19599999999997,1,5,5,155,11
390,PS-19045,2018-08-05,147,7,6843.634,2,2,1,221,5
391,PV-18985,2018-11-03,57,5,2876.046,4,4,2,442,10
392,NM-18520,2018-04-30,244,10,2161.979,2,1,3,213,6
393,DL-13495,2018-10-15,76,8,3539.322,3,2,2,322,7
394,CS-12355,2018-12-24,6,11,3202.1620000000003,5,1,2,512,8
395,FH-14275,2018-11-23,37,10,4256.272,4,1,2,412,7
396,NC-18340,2018-05-20,224,5,2461.404,2,4,3,243,9
397,AA-10315,2018-06-29,184,5,5563.56,2,4,1,241,7
398,LT-16765,2018-04-12,262,3,329.876,2,5,5,255,12
399,AP-10720,2018-11-19,41,6,545.932,4,3,5,435,12
400,PM-18940,2017-09-12,474,3,1405.402,1,5,4,154,10
401,AT-10435,2018-09-12,109,5,1166.0720000000001,3,4,4,344,11
402,CA-12055,2017-11-24,401,5,1679.7240000000002,1,4,4,144,9
403,HR-14830,2018-07-24,159,7,5248.787,2,2,1,221,5
404,BT-11530,2018-09-30,91,5,2684.4919999999997,3,4,3,343,10
405,LH-16750,2018-04-25,249,3,287.426,2,5,5,255,12
406,SW-20755,2017-07-14,534,2,758.6959999999999,1,5,5,155,11
407,SP-20620,2018-11-13,47,9,5440.319,4,1,1,411,6
408,BF-11170,2018-12-14,16,11,5907.972,5,1,1,511,7
409,KT-16480,2018-09-21,100,10,4642.088400000001,3,1,1,311,5
410,BG-11695,2018-11-24,36,6,1874.172,4,3,3,433,10
411,GM-14680,2018-07-31,152,6,3163.628,2,3,2,232,7
412,EJ-14155,2018-05-14,230,5,2656.691,2,4,3,243,9
413,NP-18700,2018-08-14,138,7,7903.1825,2,2,1,221,5
414,MH-18115,2018-12-25,5,9,5503.093,5,1,1,511,7
415,JR-15700,2018-10-23,68,1,863.88,4,5,5,455,14
416,SM-20950,2018-07-20,163,11,4464.862,2,1,1,211,4
417,CC-12220,2018-11-16,44,11,3670.258,4,1,2,412,7
418,PF-19225,2018-07-09,174,5,2206.1279999999997,2,4,3,243,9
419,DC-12850,2018-11-23,37,9,3336.168,4,1,2,412,7
420,BD-11770,2018-06-02,211,6,658.466,2,3,5,235,10
421,GM-14500,2018-09-15,106,10,1255.682,3,1,4,314,8
422,TB-21355,2018-06-08,205,5,834.328,2,4,5,245,11
423,JH-16180,2017-11-21,404,4,2256.3940000000002,1,5,3,153,9
424,EB-13975,2018-12-30,0,4,1643.255,5,5,4,554,14
425,QJ-19255,2018-05-12,232,9,6108.338,2,1,1,211,4
426,TC-21535,2018-12-26,4,7,742.5580000000001,5,2,5,525,12
427,CS-12460,2018-03-12,293,2,550.644,1,5,5,155,11
428,HG-14965,2018-07-12,171,12,3247.642,2,1,2,212,5
429,LW-16825,2018-03-10,295,5,2238.061,1,4,3,143,8
430,MC-17575,2018-07-08,175,8,1303.893,2,2,4,224,8
431,LP-17095,2018-12-21,9,6,3104.439,5,3,2,532,10
432,EB-14170,2018-09-10,111,6,1186.326,3,3,4,334,10
433,GZ-14545,2018-10-06,85,4,2454.6220000000003,3,5,3,353,11
434,CP-12085,2018-09-10,111,8,5402.254,3,2,1,321,6
435,FG-14260,2018-11-26,34,7,1383.144,4,2,4,424,10
436,LD-17005,2017-11-11,414,4,1961.934,1,5,3,153,9
437,AB-10255,2018-07-17,166,9,914.5319999999999,2,1,5,215,8
438,MN-17935,2018-11-26,34,6,2477.946,4,3,3,433,10
439,JR-15670,2017-05-16,593,2,1156.658,1,5,4,154,10
440,JF-15190,2018-10-26,65,6,2239.606,4,3,3,433,10
441,CM-12115,2018-12-22,8,4,1661.6100000000001,5,5,4,554,14
442,AS-10045,2018-04-09,265,7,3050.692,2,2,2,222,6
443,BP-11290,2018-12-18,12,7,2475.157,5,2,3,523,10
444,ND-18370,2018-10-21,70,9,4326.139,3,1,1,311,5
445,LB-16735,2018-12-11,19,3,50.188,5,5,5,555,15
446,KT-16465,2017-04-14,625,7,3057.1,1,2,2,122,5
447,HM-14860,2018-12-28,2,10,8236.7648,5,1,1,511,7
448,AB-10600,2018-10-11,80,4,1515.862,3,5,4,354,12
449,SZ-20035,2018-11-25,35,11,3625.329,4,1,2,412,7
450,MG-17890,2018-09-22,99,9,776.384,3,1,5,315,9
451,JK-16120,2018-11-05,55,10,2932.484,4,1,2,412,7
452,PP-18955,2018-09-24,97,10,7252.608,3,1,1,311,5
453,YS-21880,2018-12-21,9,8,6720.4439999999995,5,2,1,521,8
454,KM-16375,2018-04-11,263,8,5620.186,2,2,1,221,5
455,AB-10105,2018-11-19,41,10,14473.570999999998,4,1,1,411,6
456,HA-14905,2018-10-22,69,7,2163.3,4,2,3,423,9
457,BT-11305,2018-01-28,336,5,2567.656,1,4,3,143,8
458,SV-20815,2018-10-15,76,4,1271.0900000000001,3,5,4,354,12
459,RW-19540,2018-08-29,123,7,7397.401,3,2,1,321,6
460,DK-12835,2018-10-21,70,12,3256.48,3,1,2,312,6
461,ST-20530,2018-08-27,125,7,433.34000000000003,3,2,5,325,10
462,MM-17920,2018-12-23,7,10,3640.2560000000003,5,1,2,512,8
463,PW-19030,2018-11-14,46,10,3454.916,4,1,2,412,7
464,SC-20440,2018-11-24,36,7,1874.998,4,2,3,423,9
465,TS-21085,2018-07-01,182,2,4.833,2,5,5,255,12
466,MC-17425,2017-11-26,399,5,4432.138,1,4,1,141,6
467,ME-17320,2018-12-06,24,10,10663.728000000001,5,1,1,511,7
468,NH-18610,2018-08-04,148,6,2518.6659999999997,2,3,3,233,8
469,MB-18085,2018-11-16,44,7,1428.231,4,2,4,424,10
470,KD-16495,2018-09-09,112,12,8181.256,3,1,1,311,5
471,KN-16390,2018-11-12,48,8,2224.0860000000002,4,2,3,423,9
472,NP-18685,2017-11-19,406,5,1164.73,1,4,4,144,9
473,CS-12505,2018-02-11,322,6,5690.054999999999,1,3,1,131,5
474,MS-17770,2018-08-31,121,9,3144.678,3,1,2,312,6
475,CM-12655,2018-03-12,293,5,5890.508,1,4,1,141,6
476,Co-12640,2017-06-29,549,5,1300.076,1,4,4,144,9
477,TS-21370,2018-11-24,36,6,11891.751,4,3,1,431,8
478,JW-15220,2018-11-18,42,6,7721.714,4,3,1,431,8
479,JD-15790,2018-04-09,265,5,2152.352,2,4,3,243,9
480,PC-19000,2016-01-08,1087,2,1061.488,1,5,4,154,10
481,AR-10540,2018-12-24,6,6,6608.448,5,3,1,531,9
482,AI-10855,2018-12-17,13,10,4375.786,5,1,1,511,7
483,TB-21400,2018-11-06,54,6,9108.742,4,3,1,431,8
484,PL-18925,2018-12-15,15,5,239.481,5,4,5,545,14
485,GH-14425,2018-10-11,80,4,4172.8460000000005,3,5,2,352,10
486,MP-18175,2018-12-14,16,8,4757.332,5,2,1,521,8
487,JM-15655,2018-12-22,8,5,864.947,5,4,5,545,14
488,CL-11890,2018-10-06,85,4,1262.0140000000001,3,5,4,354,12
489,DB-13270,2018-07-11,172,8,4655.897,2,2,1,221,5
490,IG-15085,2018-10-20,71,4,744.574,3,5,5,355,13
491,BO-11425,2018-10-16,75,2,130.83,3,5,5,355,13
492,AB-10150,2018-11-19,41,5,966.71,4,4,4,444,12
493,JW-16075,2017-09-25,461,4,1428.731,1,4,4,144,9
494,EB-13750,2018-11-25,35,10,3236.314,4,1,2,412,7
495,SG-20470,2018-06-30,183,8,1884.798,2,2,3,223,7
496,CM-12190,2018-12-22,8,6,1475.144,5,3,4,534,12
497,AW-10840,2018-10-12,79,4,649.376,3,4,5,345,12
498,MC-18100,2018-11-19,41,10,2218.98,4,1,3,413,8
499,TT-21460,2018-12-18,12,7,5364.808,5,2,1,521,8
500,VG-21805,2017-12-05,390,4,418.432,1,4,5,145,10
501,MY-18295,2018-10-20,71,10,3601.88,3,1,2,312,6
502,RD-19480,2018-10-19,72,8,4272.93,3,2,1,321,6
503,DP-13390,2018-06-01,212,9,5480.723999999999,2,1,1,211,4
504,ML-17395,2018-10-22,69,9,2722.843,4,1,2,412,7
505,JC-15385,2018-08-07,145,1,1058.108,2,5,4,254,11
506,JG-15160,2018-12-29,1,11,6366.392,5,1,1,511,7
507,MC-17275,2018-10-15,76,8,2725.982,3,2,2,322,7
508,NW-18400,2018-11-07,53,7,7234.014,4,2,1,421,7
509,TB-21280,2017-05-26,583,6,2198.45,1,3,3,133,7
510,BS-11380,2018-12-03,27,5,3887.834,5,4,2,542,11
511,HH-15010,2018-10-19,72,2,218.668,3,5,5,355,13
512,CD-12280,2018-11-18,42,2,1205.584,4,5,4,454,13
513,TH-21100,2018-01-20,344,5,2422.824,1,4,3,143,8
514,MM-18055,2018-10-30,61,8,2749.881,4,2,2,422,8
515,NS-18505,2018-12-24,6,4,2575.863,5,4,3,543,12
516,RB-19645,2017-03-22,648,5,221.084,1,4,5,145,10
517,SW-20455,2018-07-21,162,6,2835.564,2,3,2,232,7
518,EB-13930,2018-07-22,161,5,944.6000000000001,2,4,4,244,10
519,PS-18760,2018-09-14,107,6,2181.479,3,3,3,333,9
520,HF-14995,2018-09-12,109,7,2533.1639999999998,3,2,3,323,8
521,HZ-14950,2018-11-25,35,5,886.52,4,4,5,445,13
522,CD-12790,2017-11-26,399,5,1860.732,1,4,3,143,8
523,JK-15205,2018-10-30,61,4,4262.2919999999995,4,4,1,441,9
524,FM-14215,2018-12-23,7,10,2456.638,5,1,3,513,9
525,ED-13885,2018-08-17,135,8,3484.92,2,2,2,222,6
526,DA-13450,2018-12-01,29,4,156.76,5,4,5,545,14
527,JW-15955,2018-12-25,5,6,1049.2379999999998,5,3,4,534,12
528,RM-19375,2018-01-19,345,6,1453.474,1,3,4,134,8
529,ML-17755,2018-11-30,30,7,2071.9139999999998,5,2,3,523,10
530,CC-12685,2016-10-23,798,4,2854.1150000000002,1,4,2,142,7
531,JE-15610,2018-12-11,19,7,7754.976,5,2,1,521,8
532,RP-19855,2018-05-27,217,7,2055.356,2,2,3,223,7
533,TB-21175,2018-02-11,322,4,3589.296,1,4,2,142,7
534,BE-11455,2017-06-05,573,5,748.026,1,4,5,145,10
535,JF-15565,2018-06-11,202,8,4198.332,2,2,2,222,6
536,PB-19210,2017-11-02,423,2,132.738,1,5,5,155,11
537,BT-11680,2018-11-20,40,7,3196.752,4,2,2,422,8
538,JL-15235,2018-04-28,246,5,2203.7,2,4,3,243,9
539,CH-12070,2017-08-02,515,3,1537.236,1,5,4,154,10
540,ND-18460,2018-10-06,85,6,2893.455,3,3,2,332,8
541,BF-10975,2018-09-30,91,7,599.798,3,2,5,325,10
542,KH-16330,2018-11-20,40,8,3312.864,4,2,2,422,8
543,GW-14605,2018-07-29,154,7,2189.019,2,2,3,223,7
544,NC-18625,2018-09-06,115,5,1821.742,3,4,3,343,10
545,ME-18010,2018-09-29,92,4,1256.944,3,4,4,344,11
546,BP-11230,2018-11-21,39,5,1181.49,4,4,4,444,12
547,JC-15775,2018-07-25,158,9,2772.055,2,1,2,212,5
548,AS-10090,2018-09-16,105,9,3255.31,3,1,2,312,6
549,AC-10450,2018-12-19,11,7,5527.846,5,2,1,521,8
550,MD-17860,2018-11-24,36,5,1204.91,4,4,4,444,12
551,DB-13660,2018-12-18,12,7,1155.202,5,2,4,524,11
552,EH-13990,2017-11-20,405,6,825.9499999999999,1,3,5,135,9
553,EH-13765,2018-08-17,135,10,9940.380000000001,2,1,1,211,4
554,SC-20230,2018-03-08,297,4,4371.9580000000005,1,4,1,141,6
555,JE-15715,2018-11-14,46,10,8697.842999999999,4,1,1,411,6
556,AC-10615,2018-12-24,6,5,2537.6859999999997,5,4,3,543,12
557,JD-16015,2018-11-07,53,6,385.43,4,3,5,435,12
558,CB-12415,2018-11-16,44,8,1949.2,4,2,3,423,9
559,JS-16030,2018-10-19,72,6,2516.494,3,3,3,333,9
560,LW-17215,2018-11-04,56,7,5420.514,4,2,1,421,7
561,SC-20800,2018-11-30,30,4,279.25600000000003,5,4,5,545,14
562,AM-10705,2018-07-21,162,8,5664.022,2,2,1,221,5
563,RH-19510,2017-10-03,453,6,6979.18,1,3,1,131,5
564,CT-11995,2018-09-25,96,8,3241.898,3,2,2,322,7
565,MC-17590,2018-09-11,110,6,2426.067,3,3,3,333,9
566,CC-12610,2018-11-26,34,7,2540.631,4,2,3,423,9
567,KA-16525,2018-11-24,36,7,1519.506,4,2,4,424,10
568,TC-20980,2017-11-26,399,5,19052.218,1,4,1,141,6
569,BF-11080,2018-12-09,21,3,272.95,5,5,5,555,15
570,MM-17260,2018-11-02,58,4,1314.023,4,4,4,444,12
571,AH-10120,2018-10-31,60,7,1735.5140000000001,4,2,3,423,9
572,BW-11200,2018-10-06,85,6,1738.406,3,3,3,333,9
573,SW-20245,2018-10-10,81,7,1085.078,3,2,4,324,9
574,BS-11665,2017-05-27,582,3,3288.1099999999997,1,5,2,152,8
575,RF-19345,2017-11-28,397,8,3309.15,1,2,2,122,5
576,WB-21850,2018-11-11,49,10,6129.71,4,1,1,411,6
577,TB-21625,2018-11-30,30,9,2797.668,5,1,2,512,8
578,AF-10870,2018-11-19,41,7,2052.908,4,2,3,423,9
579,RB-19435,2018-11-19,41,7,1864.156,4,2,3,423,9
580,KF-16285,2018-11-09,51,7,10604.266,4,2,1,421,7
581,JH-15820,2018-09-07,114,6,528.91,3,3,5,335,11
582,IL-15100,2018-10-08,83,7,5040.736,3,2,1,321,6
583,PB-18805,2018-05-12,232,3,740.356,2,5,5,255,12
584,RH-19600,2017-07-14,534,3,2085.7400000000002,1,5,3,153,9
585,AW-10930,2018-11-14,46,7,2852.968,4,2,2,422,8
586,ML-17410,2018-07-18,165,5,2885.26,2,4,2,242,8
587,DB-13555,2018-09-14,107,7,3908.8028,3,2,2,322,7
588,MH-17620,2018-07-28,155,4,1252.8,2,4,4,244,10
589,DK-13375,2018-12-11,19,8,3318.486,5,2,2,522,9
590,BT-11440,2017-06-18,560,4,603.876,1,4,5,145,10
591,DB-13405,2018-06-26,187,4,1711.692,2,4,3,243,9
592,TG-21310,2018-01-27,337,5,3058.372,1,4,2,142,7
593,BF-11005,2018-11-21,39,4,1333.88,4,4,4,444,12
594,JM-16195,2018-12-08,22,10,2833.9260000000004,5,1,2,512,8
595,MZ-17335,2018-11-30,30,4,593.606,5,4,5,545,14
596,MW-18220,2018-12-13,17,7,5341.900000000001,5,2,1,521,8
597,MV-17485,2018-11-24,36,9,1560.05,4,1,4,414,9
598,SM-20320,2018-12-10,20,5,25043.05,5,4,1,541,10
599,TP-21415,2018-09-17,104,5,5329.0048,3,4,1,341,8
600,JK-15625,2018-10-30,61,7,3760.028,4,2,2,422,8
601,PJ-18835,2018-11-21,39,8,1220.09,4,2,4,424,10
602,RS-19420,2018-10-15,76,5,3221.29,3,4,2,342,9
603,SV-20935,2018-12-28,2,8,1903.491,5,2,3,523,10
604,BC-11125,2018-11-06,54,9,2933.676,4,1,2,412,7
605,EM-13825,2018-07-20,163,8,2339.598,2,2,3,223,7
606,BM-11575,2018-09-21,100,6,808.162,3,3,5,335,11
607,KN-16705,2018-11-06,54,7,2003.01,4,2,3,423,9
608,KW-16570,2016-11-20,770,4,449.096,1,4,5,145,10
609,SC-20260,2018-06-26,187,8,3729.7929999999997,2,2,2,222,6
610,CV-12295,2018-04-20,254,5,2830.6279999999997,2,4,2,242,8
611,SG-20605,2018-09-13,108,5,3118.892,3,4,2,342,9
612,TM-21010,2018-09-18,103,7,2819.026,3,2,2,322,7
613,EM-13810,2018-08-20,132,5,2567.0099999999998,2,4,3,243,9
614,ML-18040,2018-12-10,20,3,742.082,5,5,5,555,15
615,CR-12580,2018-03-11,294,4,2148.852,1,4,3,143,8
616,AZ-10750,2018-07-23,160,6,1622.0179999999998,2,3,4,234,9
617,PW-19240,2017-09-22,464,7,3922.4150000000004,1,2,2,122,5
618,SC-20380,2018-11-30,30,9,5992.536,5,1,1,511,7
619,CM-11935,2017-01-22,707,2,565.392,1,5,5,155,11
620,GM-14695,2018-04-09,265,3,6049.966,2,5,1,251,8
621,TB-21250,2018-01-15,349,7,1602.376,1,2,4,124,7
622,JM-15865,2018-12-09,21,7,7625.076000000001,5,2,1,521,8
623,SC-20575,2018-09-29,92,4,799.798,3,4,5,345,12
624,LS-17200,2018-09-25,96,6,1010.2560000000001,3,3,4,334,10
625,RR-19315,2018-11-12,48,2,615.932,4,5,5,455,14
626,DB-12910,2018-11-09,51,8,2171.599,4,2,3,423,9
627,TT-21220,2018-06-30,183,8,1427.0439999999999,2,2,4,224,8
628,LO-17170,2018-12-28,2,5,644.35,5,4,5,545,14
629,KD-16615,2018-03-16,289,4,907.158,1,4,5,145,10
630,NB-18580,2015-10-22,1165,2,273.87199999999996,1,5,5,155,11
631,BD-11635,2018-12-21,9,3,582.646,5,5,5,555,15
632,CM-12235,2017-12-08,387,5,2305.712,1,4,3,143,8
633,EN-13780,2018-03-18,287,4,2199.366,1,4,3,143,8
634,KN-16450,2018-08-11,141,5,2171.962,2,4,3,243,9
635,BO-11350,2018-08-15,137,5,2682.728,2,4,3,243,9
636,AG-10300,2018-03-09,296,4,367.548,1,4,5,145,10
637,MC-17635,2018-06-24,189,4,795.154,2,4,5,245,11
638,TA-21385,2018-10-22,69,4,14595.62,4,4,1,441,9
639,JF-15295,2018-05-19,225,5,955.124,2,4,4,244,10
640,TT-21265,2017-11-19,406,3,439.5,1,5,5,155,11
641,SB-20170,2018-12-06,24,3,1348.02,5,5,4,554,14
642,CL-12700,2018-04-14,260,4,2335.586,2,4,3,243,9
643,HG-15025,2018-12-24,6,7,3690.284,5,2,2,522,9
644,NL-18310,2018-02-11,322,4,1418.0900000000001,1,4,4,144,9
645,RR-19525,2018-07-13,170,6,3302.2619999999997,2,3,2,232,7
646,TC-21295,2018-11-14,46,8,4266.812,4,2,1,421,7
647,SV-20785,2018-02-13,320,9,4105.305,1,1,2,112,4
648,BE-11410,2018-09-23,98,5,2261.438,3,4,3,343,10
649,SC-20680,2018-08-26,126,6,1254.64,3,3,4,334,10
650,DF-13135,2017-01-30,699,3,2390.534,1,5,3,153,9
651,FH-14350,2018-02-13,320,4,2271.284,1,4,3,143,8
652,MS-17530,2017-10-22,434,4,475.65599999999995,1,4,5,145,10
653,RH-19555,2017-07-29,519,2,740.382,1,5,5,155,11
654,GA-14515,2018-06-24,189,5,3797.2320000000004,2,4,2,242,8
655,JP-16135,2018-12-05,25,9,1707.71,5,1,3,513,9
656,Dp-13240,2018-09-15,106,11,7198.7609999999995,3,1,1,311,5
657,MO-17950,2018-03-07,298,2,154.288,1,5,5,155,11
658,DL-13330,2018-03-11,294,4,585.02,1,4,5,145,10
659,MH-18025,2018-11-11,49,5,2984.948,4,4,2,442,10
660,DR-12940,2018-11-08,52,8,8350.868,4,1,1,411,6
661,DM-13015,2018-10-23,68,7,6345.103,4,2,1,421,7
662,CA-11965,2018-09-25,96,6,3789.7228,3,3,2,332,8
663,AC-10660,2018-03-23,282,5,657.316,1,4,5,145,10
664,DM-13345,2018-08-12,140,8,4074.4719999999998,2,1,2,212,5
665,VF-21715,2018-12-17,13,5,847.944,5,4,5,545,14
666,CC-12370,2018-11-17,43,5,12129.072000000002,4,4,1,441,9
667,BF-11275,2018-10-07,84,3,791.9899999999999,3,5,5,355,13
668,HG-14845,2018-09-10,111,5,785.628,3,4,5,345,12
669,BP-11155,2018-10-07,84,6,1697.8609999999999,3,3,4,334,10
670,EM-14140,2018-12-11,19,6,4588.436000000001,5,3,1,531,9
671,MA-17995,2018-06-27,186,6,2453.284,2,3,3,233,8
672,AY-10555,2018-12-16,14,4,497.014,5,4,5,545,14
673,GB-14575,2018-12-17,13,5,4716.288,5,4,1,541,10
674,JB-16045,2018-12-23,7,5,2518.115,5,3,3,533,11
675,MG-17875,2018-05-09,235,5,1242.8329999999999,2,3,4,234,9
676,SR-20425,2018-12-22,8,5,3233.481,5,3,2,532,10
677,JB-16000,2018-11-17,43,7,644.1188,4,2,5,425,11
678,DM-12955,2018-07-09,174,7,1322.034,2,2,4,224,8
679,TC-21475,2018-07-30,153,9,1244.976,2,1,4,214,7
680,SW-20350,2018-07-21,162,3,1019.044,2,5,4,254,11
681,RE-19450,2018-03-03,302,4,666.52,1,4,5,145,10
682,BF-11215,2018-10-26,65,4,1585.162,4,4,4,444,12
683,KB-16405,2018-04-09,265,3,908.821,2,5,5,255,12
684,JG-15310,2018-12-28,2,6,2240.58,5,3,3,533,11
685,EC-14050,2018-07-31,152,5,461.914,2,3,5,235,10
686,EB-14110,2018-08-09,143,6,3071.126,2,3,2,232,7
687,JP-15460,2018-11-23,37,7,1669.135,4,2,4,424,10
688,CS-11845,2018-11-02,58,5,1278.954,4,3,4,434,11
689,GH-14410,2018-10-16,75,9,2819.4669999999996,3,1,2,312,6
690,PT-19090,2018-10-20,71,3,158.46,3,5,5,355,13
691,JL-15130,2018-12-22,8,6,1214.956,5,3,4,534,12
692,AH-10030,2018-12-18,12,7,1744.7,5,2,3,523,10
693,CC-12475,2018-11-21,39,9,1659.438,4,1,4,414,9
694,DW-13195,2018-10-22,69,6,1080.751,4,3,4,434,11
695,SJ-20215,2018-08-16,136,6,1341.036,2,3,4,234,9
696,BG-11740,2018-04-17,257,6,1006.356,2,3,4,234,9
697,LB-16795,2018-09-05,116,8,4704.304,3,1,1,311,5
698,CM-11815,2018-10-03,88,6,1673.888,3,3,4,334,10
699,EH-14185,2018-09-16,105,6,923.884,3,3,5,335,11
700,TS-21505,2018-12-19,11,6,2243.274,5,3,3,533,11
701,PR-18880,2018-11-24,36,5,1840.178,4,3,3,433,10
702,LC-17050,2018-09-09,112,5,2095.064,3,3,3,333,9
703,CS-12490,2017-12-08,387,4,970.1105,1,4,4,144,9
704,DH-13075,2018-03-28,277,5,3487.1980000000003,2,3,2,232,7
705,JO-15145,2018-10-27,64,9,3254.949,4,1,2,412,7
706,AH-10690,2017-11-15,410,12,7888.294,1,1,1,111,3
707,HJ-14875,2018-08-26,126,5,358.1,3,3,5,335,11
708,MH-17455,2018-07-13,170,7,2146.694,2,2,3,223,7
709,RD-19930,2018-11-18,42,4,970.9420000000001,4,4,4,444,12
710,SC-20020,2016-10-11,810,5,3362.9636,1,3,2,132,6
711,SU-20665,2018-10-12,79,7,2595.364,3,2,3,323,8
712,FC-14335,2018-06-29,184,7,3889.366,2,2,2,222,6
713,RB-19330,2018-10-23,68,2,1008.1959999999999,4,5,4,454,13
714,NC-18535,2018-12-24,6,7,8241.739,5,2,1,521,8
715,DB-12970,2018-03-05,300,4,2469.6672,1,4,3,143,8
716,MF-17665,2017-09-01,485,5,937.039,1,3,4,134,8
717,RM-19750,2018-06-03,210,1,98.35,2,5,5,255,12
718,VM-21835,2018-04-09,265,5,380.69,2,3,5,235,10
719,EJ-13720,2018-03-03,302,4,2162.174,1,4,3,143,8
720,NC-18415,2018-11-19,41,6,2218.9900000000002,4,3,3,433,10
721,LS-17230,2016-11-14,776,3,368.88000000000005,1,5,5,155,11
722,KE-16420,2018-11-13,47,7,1453.2812000000001,4,2,4,424,10
723,DH-13675,2016-11-15,775,4,1043.096,1,4,4,144,9
724,PF-19120,2016-09-17,834,4,9062.864,1,4,1,141,6
725,VT-21700,2016-05-04,970,2,1736.596,1,5,3,153,9
726,MG-17695,2017-06-23,555,3,1342.282,1,5,4,154,10
727,SP-20920,2018-10-21,70,6,3990.689,3,3,2,332,8
728,CS-12175,2018-12-05,25,5,844.4580000000001,5,3,5,535,13
729,DK-12895,2018-12-08,22,5,4282.176,5,3,1,531,9
730,KM-16660,2018-12-15,15,5,453.538,5,3,5,535,13
731,AA-10645,2018-05-11,233,6,5086.9349999999995,2,3,1,231,6
732,DD-13570,2018-11-19,41,6,269.542,4,3,5,435,12
733,AH-10465,2018-05-14,230,5,2495.3916,2,3,3,233,8
734,TP-21565,2018-01-14,350,4,1936.6399999999999,1,4,3,143,8
735,EK-13795,2018-11-16,44,4,1303.478,4,4,4,444,12
736,CR-12820,2018-06-10,203,3,1397.8724,2,5,4,254,11
737,SG-20890,2018-05-18,226,3,47.946,2,5,5,255,12
738,AH-10585,2018-09-12,109,4,738.504,3,4,5,345,12
739,NF-18475,2017-07-23,525,4,377.16200000000003,1,4,5,145,10
740,BS-11365,2017-06-20,558,5,10501.653,1,3,1,131,5
741,SH-20635,2016-11-26,764,2,2096.392,1,5,3,153,9
742,RD-19720,2018-09-12,109,10,1419.737,3,1,4,314,8
743,AG-10330,2018-12-22,8,5,660.972,5,3,5,535,13
744,GR-14560,2015-11-21,1135,2,1284.38,1,5,4,154,10
745,VS-21820,2018-05-23,221,4,1055.981,2,4,4,244,10
746,TM-21490,2018-08-22,130,3,1094.6779999999999,2,5,4,254,11
747,TS-21430,2018-11-07,53,5,2054.14,4,3,3,433,10
748,DB-13360,2018-10-04,87,5,1081.466,3,3,4,334,10
749,NR-18550,2018-03-06,299,5,2367.277,1,3,3,133,7
750,CS-11860,2018-12-07,23,6,537.632,5,3,5,535,13
751,MF-18250,2018-12-23,7,5,1758.3,5,3,3,533,11
752,LW-17125,2018-08-06,146,3,1259.04,2,5,4,254,11
753,AR-10345,2018-10-09,82,4,1055.694,3,4,4,344,11
754,KS-16300,2018-10-03,88,3,88.472,3,5,5,355,13
755,AB-10015,2017-10-11,445,3,886.156,1,5,5,155,11
756,LR-17035,2018-08-20,132,5,1879.306,2,3,3,233,8
757,SS-20410,2018-11-09,51,6,3056.8070000000002,4,3,2,432,9
758,JM-15580,2018-12-30,0,5,303.948,5,3,5,535,13
759,JK-15325,2018-03-18,287,3,383.812,1,5,5,155,11
760,DM-13525,2017-05-09,600,3,1376.792,1,5,4,154,10
761,ML-18265,2018-09-21,100,2,162.232,3,5,5,355,13
762,MH-17290,2018-11-03,57,5,1691.505,4,3,4,434,11
763,FC-14245,2018-10-21,70,7,3418.742,3,2,2,322,7
764,TH-21115,2018-02-11,322,4,2942.772,1,4,2,142,7
765,JK-16090,2018-02-12,321,3,3747.668,1,5,2,152,8
766,SB-20185,2018-12-06,24,6,6410.996,5,3,1,531,9
767,BG-11035,2018-08-31,121,8,2798.948,3,1,2,312,6
768,BW-11065,2018-01-06,358,3,385.516,1,5,5,155,11
769,MG-18205,2018-10-04,87,1,16.739,3,5,5,355,13
770,DO-13645,2018-11-27,33,7,1267.316,4,2,4,424,10
771,BP-11050,2018-08-10,142,5,983.42,2,3,4,234,9
772,TS-21655,2018-06-05,208,5,3368.094,2,3,2,232,7
773,EM-14200,2018-07-25,158,3,366.822,2,5,5,255,12
774,AO-10810,2017-08-16,501,1,161.28,1,5,5,155,11
775,MH-17440,2017-12-19,376,4,400.016,1,4,5,145,10
776,SS-20515,2017-08-26,491,3,613.4,1,5,5,155,11
777,LD-16855,2017-06-26,552,1,5.304,1,5,5,155,11
778,VP-21760,2018-10-16,75,7,3360.526,3,2,2,322,7
779,TC-21145,2018-09-15,106,1,1038.26,3,5,4,354,12
780,IM-15055,2017-11-16,409,2,48.4,1,5,5,155,11
781,AR-10570,2017-07-14,534,1,88.15,1,5,5,155,11
782,CM-12715,2016-01-03,1092,4,3984.4524,1,4,2,142,7
783,FW-14395,2018-02-01,332,3,79.75,1,5,5,155,11
784,LC-16960,2017-10-20,436,4,3246.626,1,4,2,142,7
785,HE-14800,2018-12-18,12,3,755.462,5,5,5,555,15
786,BD-11560,2018-03-27,278,2,320.54,1,5,5,155,11
787,HD-14785,2016-11-22,768,3,251.36,1,5,5,155,11
788,CJ-11875,2017-12-30,365,1,16.52,1,5,5,155,11
789,RS-19870,2018-11-12,48,2,22.328,4,5,5,455,14
790,SC-20845,2017-11-11,414,1,14.112,1,5,5,155,11
791,RE-19405,2015-12-29,1097,1,48.36,1,5,5,155,11
792,SM-20905,2017-03-05,665,1,1043.041,1,5,4,154,10
